ssynth_fp,mean,std,mid
2,0.08116666666666666,0.07873493471219797,0.04808333333333333
3,0.22886486486486488,0.11402138395033262,0.15501576576576576
4,0.3132926829268293,0.11136688634784285,0.2710787738958471
5,0.36007407407407405,0.09502157097046947,0.33668337850045166
6,0.406031746031746,0.07336474679782282,0.38305291005291
